Course,Rating_x,Rating_y
A,7,3.5714285714285716
B,5,3.4
C,7,4.142857142857143
D,6,3.6666666666666665
E,4,2.75
